{
  "framework": "vite",
  "buildCommand": "npm run build",
  "outputDirectory": "dist",
  "installCommand": "npm install",
  "devCommand": "npm run dev",
  "env": {
    "VITE_SUPABASE_URL": "@supabase_url",
    "VITE_SUPABASE_ANON_KEY": "@supabase_anon_key",
    "VITE_SUPABASE_SERVICE_ROLE_KEY": "@supabase_service_role_key"
  },
  "build": {
    "env": {
      "VITE_SUPABASE_URL": "@supabase_url",
      "VITE_SUPABASE_ANON_KEY": "@supabase_anon_key",
      "VITE_SUPABASE_SERVICE_ROLE_KEY": "@supabase_service_role_key"
    }
  },
  "functions": {
    "app/api/**/*.js": {
      "runtime": "nodejs18.x"
    }
  },
  "headers": [
    {
      "source": "/(.*)",
      "headers": [
        {
          "key": "X-Content-Type-Options",
          "value": "nosniff"
        },
        {
          "key": "X-Frame-Options",
          "value": "DENY"
        },
        {
          "key": "X-XSS-Protection",
          "value": "1; mode=block"
        }
      ]
    }
  ],
  "rewrites": [
    {
      "source": "/((?!api/).*)",
      "destination": "/index.html"
    }
  ]
}